/home/pi/Desktop/TFG/intelligent-driving-system/ia/training_data/Images500/Image_1621966033411153.jpg,75,100
/home/pi/Desktop/TFG/intelligent-driving-system/ia/training_data/Images500/Image_1621966034119174.jpg,75,100
/home/pi/Desktop/TFG/intelligent-driving-system/ia/training_data/Images500/Image_1621966034808947.jpg,0,100
/home/pi/Desktop/TFG/intelligent-driving-system/ia/training_data/Images500/Image_1621966035535135.jpg,0,100
/home/pi/Desktop/TFG/intelligent-driving-system/ia/training_data/Images500/Image_162196603624442.jpg,0,100
/home/pi/Desktop/TFG/intelligent-driving-system/ia/training_data/Images500/Image_162196603694574.jpg,0,100
/home/pi/Desktop/TFG/intelligent-driving-system/ia/training_data/Images500/Image_1621966037670024.jpg,0,100
/home/pi/Desktop/TFG/intelligent-driving-system/ia/training_data/Images500/Image_1621966038369307.jpg,0,100
/home/pi/Desktop/TFG/intelligent-driving-system/ia/training_data/Images500/Image_1621966039069555.jpg,0,100
/home/pi/Desktop/TFG/intelligent-driving-system/ia/training_data/Images500/Image_1621966055767464.jpg,0,100
/home/pi/Desktop/TFG/intelligent-driving-system/ia/training_data/Images500/Image_1621966056617483.jpg,0,100
/home/pi/Desktop/TFG/intelligent-driving-system/ia/training_data/Images500/Image_1621966057373867.jpg,0,100
/home/pi/Desktop/TFG/intelligent-driving-system/ia/training_data/Images500/Image_1621966058152654.jpg,100,100
/home/pi/Desktop/TFG/intelligent-driving-system/ia/training_data/Images500/Image_1621966058907269.jpg,100,100
/home/pi/Desktop/TFG/intelligent-driving-system/ia/training_data/Images500/Image_162196605966509.jpg,100,100
/home/pi/Desktop/TFG/intelligent-driving-system/ia/training_data/Images500/Image_1621966060427408.jpg,0,100
/home/pi/Desktop/TFG/intelligent-driving-system/ia/training_data/Images500/Image_1621966061252474.jpg,0,100
/home/pi/Desktop/TFG/intelligent-driving-system/ia/training_data/Images500/Image_1621966063401786.jpg,100,100
/home/pi/Desktop/TFG/intelligent-driving-system/ia/training_data/Images500/Image_1621966064402268.jpg,100,100
/home/pi/Desktop/TFG/intelligent-driving-system/ia/training_data/Images500/Image_1621966065401562.jpg,0,100
/home/pi/Desktop/TFG/intelligent-driving-system/ia/training_data/Images500/Image_1621966066191338.jpg,100,100
/home/pi/Desktop/TFG/intelligent-driving-system/ia/training_data/Images500/Image_1621966066951842.jpg,100,100
/home/pi/Desktop/TFG/intelligent-driving-system/ia/training_data/Images500/Image_1621966110112462.jpg,75,100
/home/pi/Desktop/TFG/intelligent-driving-system/ia/training_data/Images500/Image_1621966110969105.jpg,75,100
/home/pi/Desktop/TFG/intelligent-driving-system/ia/training_data/Images500/Image_1621966111975966.jpg,75,100
/home/pi/Desktop/TFG/intelligent-driving-system/ia/training_data/Images500/Image_1621966112943462.jpg,0,100
/home/pi/Desktop/TFG/intelligent-driving-system/ia/training_data/Images500/Image_162196611369704.jpg,0,100
/home/pi/Desktop/TFG/intelligent-driving-system/ia/training_data/Images500/Image_1621966114452519.jpg,75,100
/home/pi/Desktop/TFG/intelligent-driving-system/ia/training_data/Images500/Image_1621966115213294.jpg,75,100
/home/pi/Desktop/TFG/intelligent-driving-system/ia/training_data/Images500/Image_1621966115998815.jpg,75,100
/home/pi/Desktop/TFG/intelligent-driving-system/ia/training_data/Images500/Image_1621966116755385.jpg,0,100
/home/pi/Desktop/TFG/intelligent-driving-system/ia/training_data/Images500/Image_1621966117507866.jpg,0,100
/home/pi/Desktop/TFG/intelligent-driving-system/ia/training_data/Images500/Image_1621966118280771.jpg,0,100
/home/pi/Desktop/TFG/intelligent-driving-system/ia/training_data/Images500/Image_1621966119086411.jpg,0,100
/home/pi/Desktop/TFG/intelligent-driving-system/ia/training_data/Images500/Image_1621966119837082.jpg,100,100
/home/pi/Desktop/TFG/intelligent-driving-system/ia/training_data/Images500/Image_1621966120596245.jpg,100,100
/home/pi/Desktop/TFG/intelligent-driving-system/ia/training_data/Images500/Image_1621966121341001.jpg,100,100
/home/pi/Desktop/TFG/intelligent-driving-system/ia/training_data/Images500/Image_1621966122134046.jpg,100,100
/home/pi/Desktop/TFG/intelligent-driving-system/ia/training_data/Images500/Image_1621966122917491.jpg,100,100
/home/pi/Desktop/TFG/intelligent-driving-system/ia/training_data/Images500/Image_162196612373336.jpg,0,100
/home/pi/Desktop/TFG/intelligent-driving-system/ia/training_data/Images500/Image_1621966124482112.jpg,100,100
/home/pi/Desktop/TFG/intelligent-driving-system/ia/training_data/Images500/Image_1621966125234643.jpg,100,100
/home/pi/Desktop/TFG/intelligent-driving-system/ia/training_data/Images500/Image_1621966125989406.jpg,100,100
/home/pi/Desktop/TFG/intelligent-driving-system/ia/training_data/Images500/Image_1621966126869832.jpg,0,100
/home/pi/Desktop/TFG/intelligent-driving-system/ia/training_data/Images500/Image_1621966127671974.jpg,100,100
/home/pi/Desktop/TFG/intelligent-driving-system/ia/training_data/Images500/Image_1621966128455606.jpg,100,100
/home/pi/Desktop/TFG/intelligent-driving-system/ia/training_data/Images500/Image_1621966129230038.jpg,0,100
/home/pi/Desktop/TFG/intelligent-driving-system/ia/training_data/Images500/Image_1621966129960884.jpg,0,100
/home/pi/Desktop/TFG/intelligent-driving-system/ia/training_data/Images500/Image_162196613072873.jpg,0,100
/home/pi/Desktop/TFG/intelligent-driving-system/ia/training_data/Images500/Image_1621966131487299.jpg,100,100
/home/pi/Desktop/TFG/intelligent-driving-system/ia/training_data/Images500/Image_1621966132303907.jpg,100,100
/home/pi/Desktop/TFG/intelligent-driving-system/ia/training_data/Images500/Image_1621966133058482.jpg,0,100
/home/pi/Desktop/TFG/intelligent-driving-system/ia/training_data/Images500/Image_1621966133835125.jpg,0,100
/home/pi/Desktop/TFG/intelligent-driving-system/ia/training_data/Images500/Image_1621966134602197.jpg,0,100
/home/pi/Desktop/TFG/intelligent-driving-system/ia/training_data/Images500/Image_1621966135375868.jpg,0,100
/home/pi/Desktop/TFG/intelligent-driving-system/ia/training_data/Images500/Image_1621966136124931.jpg,0,100
/home/pi/Desktop/TFG/intelligent-driving-system/ia/training_data/Images500/Image_1621966136895201.jpg,0,100
/home/pi/Desktop/TFG/intelligent-driving-system/ia/training_data/Images500/Image_1621966137654647.jpg,0,100
/home/pi/Desktop/TFG/intelligent-driving-system/ia/training_data/Images500/Image_162196613841823.jpg,0,100
/home/pi/Desktop/TFG/intelligent-driving-system/ia/training_data/Images500/Image_1621966139172059.jpg,0,100
/home/pi/Desktop/TFG/intelligent-driving-system/ia/training_data/Images500/Image_1621966139929573.jpg,0,100
/home/pi/Desktop/TFG/intelligent-driving-system/ia/training_data/Images500/Image_1621966140685069.jpg,0,100
/home/pi/Desktop/TFG/intelligent-driving-system/ia/training_data/Images500/Image_1621966141451843.jpg,0,100
/home/pi/Desktop/TFG/intelligent-driving-system/ia/training_data/Images500/Image_1621966142237494.jpg,75,100
/home/pi/Desktop/TFG/intelligent-driving-system/ia/training_data/Images500/Image_1621966142985754.jpg,75,100
/home/pi/Desktop/TFG/intelligent-driving-system/ia/training_data/Images500/Image_1621966143757914.jpg,75,100
/home/pi/Desktop/TFG/intelligent-driving-system/ia/training_data/Images500/Image_1621966144511538.jpg,75,100
/home/pi/Desktop/TFG/intelligent-driving-system/ia/training_data/Images500/Image_1621966145274662.jpg,75,100
/home/pi/Desktop/TFG/intelligent-driving-system/ia/training_data/Images500/Image_162196614606346.jpg,75,100
/home/pi/Desktop/TFG/intelligent-driving-system/ia/training_data/Images500/Image_1621966146826922.jpg,75,100
/home/pi/Desktop/TFG/intelligent-driving-system/ia/training_data/Images500/Image_1621966147586029.jpg,75,100
/home/pi/Desktop/TFG/intelligent-driving-system/ia/training_data/Images500/Image_16219661483433.jpg,75,100
/home/pi/Desktop/TFG/intelligent-driving-system/ia/training_data/Images500/Image_1621966149103623.jpg,75,100
/home/pi/Desktop/TFG/intelligent-driving-system/ia/training_data/Images500/Image_162196614992487.jpg,100,100
/home/pi/Desktop/TFG/intelligent-driving-system/ia/training_data/Images500/Image_1621966151838339.jpg,0,100
/home/pi/Desktop/TFG/intelligent-driving-system/ia/training_data/Images500/Image_162196615307432.jpg,-75,100
/home/pi/Desktop/TFG/intelligent-driving-system/ia/training_data/Images500/Image_162196615884079.jpg,-75,100
/home/pi/Desktop/TFG/intelligent-driving-system/ia/training_data/Images500/Image_1621966159970181.jpg,-75,100
/home/pi/Desktop/TFG/intelligent-driving-system/ia/training_data/Images500/Image_1621966160833933.jpg,-75,100
/home/pi/Desktop/TFG/intelligent-driving-system/ia/training_data/Images500/Image_1621966161529849.jpg,-75,100
/home/pi/Desktop/TFG/intelligent-driving-system/ia/training_data/Images500/Image_162196616742845.jpg,-75,100
/home/pi/Desktop/TFG/intelligent-driving-system/ia/training_data/Images500/Image_1621966168311049.jpg,-75,100
/home/pi/Desktop/TFG/intelligent-driving-system/ia/training_data/Images500/Image_1621966169200733.jpg,-75,100
/home/pi/Desktop/TFG/intelligent-driving-system/ia/training_data/Images500/Image_1621966169908495.jpg,-75,100
/home/pi/Desktop/TFG/intelligent-driving-system/ia/training_data/Images500/Image_1621966170658913.jpg,-75,100
/home/pi/Desktop/TFG/intelligent-driving-system/ia/training_data/Images500/Image_1621966171356573.jpg,-75,100
/home/pi/Desktop/TFG/intelligent-driving-system/ia/training_data/Images500/Image_1621966172303649.jpg,-75,100
/home/pi/Desktop/TFG/intelligent-driving-system/ia/training_data/Images500/Image_162196617311784.jpg,-75,100
/home/pi/Desktop/TFG/intelligent-driving-system/ia/training_data/Images500/Image_1621966177647467.jpg,-100,100
/home/pi/Desktop/TFG/intelligent-driving-system/ia/training_data/Images500/Image_162196617903717.jpg,-75,100
/home/pi/Desktop/TFG/intelligent-driving-system/ia/training_data/Images500/Image_1621966180911874.jpg,75,100
/home/pi/Desktop/TFG/intelligent-driving-system/ia/training_data/Images500/Image_1621966181767765.jpg,75,100
/home/pi/Desktop/TFG/intelligent-driving-system/ia/training_data/Images500/Image_1621966182589229.jpg,75,100
/home/pi/Desktop/TFG/intelligent-driving-system/ia/training_data/Images500/Image_1621966183487772.jpg,75,100
/home/pi/Desktop/TFG/intelligent-driving-system/ia/training_data/Images500/Image_1621966184438391.jpg,75,100
/home/pi/Desktop/TFG/intelligent-driving-system/ia/training_data/Images500/Image_1621966185478011.jpg,75,100
/home/pi/Desktop/TFG/intelligent-driving-system/ia/training_data/Images500/Image_1621966186386438.jpg,75,100
/home/pi/Desktop/TFG/intelligent-driving-system/ia/training_data/Images500/Image_1621966187475977.jpg,0,100
/home/pi/Desktop/TFG/intelligent-driving-system/ia/training_data/Images500/Image_1621966188171428.jpg,75,100
/home/pi/Desktop/TFG/intelligent-driving-system/ia/training_data/Images500/Image_1621966189004047.jpg,75,100
/home/pi/Desktop/TFG/intelligent-driving-system/ia/training_data/Images500/Image_1621966189765786.jpg,75,100
/home/pi/Desktop/TFG/intelligent-driving-system/ia/training_data/Images500/Image_1621966196968658.jpg,0,100
/home/pi/Desktop/TFG/intelligent-driving-system/ia/training_data/Images500/Image_1621966198021681.jpg,0,100
/home/pi/Desktop/TFG/intelligent-driving-system/ia/training_data/Images500/Image_1621966199187386.jpg,0,100
/home/pi/Desktop/TFG/intelligent-driving-system/ia/training_data/Images500/Image_1621966199945136.jpg,0,100
/home/pi/Desktop/TFG/intelligent-driving-system/ia/training_data/Images500/Image_1621966201167627.jpg,75,100
/home/pi/Desktop/TFG/intelligent-driving-system/ia/training_data/Images500/Image_1621966201949437.jpg,75,100
/home/pi/Desktop/TFG/intelligent-driving-system/ia/training_data/Images500/Image_1621966202693272.jpg,75,100
/home/pi/Desktop/TFG/intelligent-driving-system/ia/training_data/Images500/Image_1621966203401623.jpg,75,100
/home/pi/Desktop/TFG/intelligent-driving-system/ia/training_data/Images500/Image_1621966204124609.jpg,75,100
/home/pi/Desktop/TFG/intelligent-driving-system/ia/training_data/Images500/Image_1621966204820564.jpg,75,100
/home/pi/Desktop/TFG/intelligent-driving-system/ia/training_data/Images500/Image_1621966206251533.jpg,100,100
/home/pi/Desktop/TFG/intelligent-driving-system/ia/training_data/Images500/Image_1621966207035445.jpg,100,100
/home/pi/Desktop/TFG/intelligent-driving-system/ia/training_data/Images500/Image_1621966207753432.jpg,100,100
/home/pi/Desktop/TFG/intelligent-driving-system/ia/training_data/Images500/Image_1621966208512548.jpg,100,100
/home/pi/Desktop/TFG/intelligent-driving-system/ia/training_data/Images500/Image_1621966209450446.jpg,0,100
/home/pi/Desktop/TFG/intelligent-driving-system/ia/training_data/Images500/Image_1621966210135779.jpg,100,100
/home/pi/Desktop/TFG/intelligent-driving-system/ia/training_data/Images500/Image_1621966210975554.jpg,0,100
/home/pi/Desktop/TFG/intelligent-driving-system/ia/training_data/Images500/Image_162196621168497.jpg,0,100
/home/pi/Desktop/TFG/intelligent-driving-system/ia/training_data/Images500/Image_1621966212413157.jpg,0,100
/home/pi/Desktop/TFG/intelligent-driving-system/ia/training_data/Images500/Image_1621966213141155.jpg,100,100
/home/pi/Desktop/TFG/intelligent-driving-system/ia/training_data/Images500/Image_1621966213864057.jpg,100,100
/home/pi/Desktop/TFG/intelligent-driving-system/ia/training_data/Images500/Image_1621966214569913.jpg,100,100
/home/pi/Desktop/TFG/intelligent-driving-system/ia/training_data/Images500/Image_1621966215354579.jpg,0,100
/home/pi/Desktop/TFG/intelligent-driving-system/ia/training_data/Images500/Image_1621966216095843.jpg,0,100
/home/pi/Desktop/TFG/intelligent-driving-system/ia/training_data/Images500/Image_1621966216819759.jpg,0,100
/home/pi/Desktop/TFG/intelligent-driving-system/ia/training_data/Images500/Image_1621966217549543.jpg,0,100
/home/pi/Desktop/TFG/intelligent-driving-system/ia/training_data/Images500/Image_1621966218360909.jpg,0,100
/home/pi/Desktop/TFG/intelligent-driving-system/ia/training_data/Images500/Image_1621966219093045.jpg,0,100
/home/pi/Desktop/TFG/intelligent-driving-system/ia/training_data/Images500/Image_1621966219881755.jpg,0,100
/home/pi/Desktop/TFG/intelligent-driving-system/ia/training_data/Images500/Image_1621966220569538.jpg,0,100
/home/pi/Desktop/TFG/intelligent-driving-system/ia/training_data/Images500/Image_1621966221289708.jpg,0,100
/home/pi/Desktop/TFG/intelligent-driving-system/ia/training_data/Images500/Image_1621966221981643.jpg,100,100
/home/pi/Desktop/TFG/intelligent-driving-system/ia/training_data/Images500/Image_1621966222720203.jpg,100,100
/home/pi/Desktop/TFG/intelligent-driving-system/ia/training_data/Images500/Image_1621966223408259.jpg,0,100
/home/pi/Desktop/TFG/intelligent-driving-system/ia/training_data/Images500/Image_1621966224130792.jpg,0,100
/home/pi/Desktop/TFG/intelligent-driving-system/ia/training_data/Images500/Image_1621966224837992.jpg,0,100
/home/pi/Desktop/TFG/intelligent-driving-system/ia/training_data/Images500/Image_1621966225560941.jpg,0,100
/home/pi/Desktop/TFG/intelligent-driving-system/ia/training_data/Images500/Image_1621966226290326.jpg,100,100
/home/pi/Desktop/TFG/intelligent-driving-system/ia/training_data/Images500/Image_1621966227021469.jpg,100,100
/home/pi/Desktop/TFG/intelligent-driving-system/ia/training_data/Images500/Image_1621966227764794.jpg,100,100
/home/pi/Desktop/TFG/intelligent-driving-system/ia/training_data/Images500/Image_1621966228472464.jpg,0,100
/home/pi/Desktop/TFG/intelligent-driving-system/ia/training_data/Images500/Image_1621966229244921.jpg,0,100
/home/pi/Desktop/TFG/intelligent-driving-system/ia/training_data/Images500/Image_1621966229931164.jpg,100,100
/home/pi/Desktop/TFG/intelligent-driving-system/ia/training_data/Images500/Image_1621966230674345.jpg,100,100
/home/pi/Desktop/TFG/intelligent-driving-system/ia/training_data/Images500/Image_16219662313671.jpg,100,100
/home/pi/Desktop/TFG/intelligent-driving-system/ia/training_data/Images500/Image_162196623206872.jpg,0,100
/home/pi/Desktop/TFG/intelligent-driving-system/ia/training_data/Images500/Image_1621966232806133.jpg,0,100
/home/pi/Desktop/TFG/intelligent-driving-system/ia/training_data/Images500/Image_1621966233545076.jpg,100,100
/home/pi/Desktop/TFG/intelligent-driving-system/ia/training_data/Images500/Image_1621966234248008.jpg,100,100
/home/pi/Desktop/TFG/intelligent-driving-system/ia/training_data/Images500/Image_1621966234948701.jpg,100,100
/home/pi/Desktop/TFG/intelligent-driving-system/ia/training_data/Images500/Image_1621966235680776.jpg,100,100
/home/pi/Desktop/TFG/intelligent-driving-system/ia/training_data/Images500/Image_1621966236378626.jpg,100,100
/home/pi/Desktop/TFG/intelligent-driving-system/ia/training_data/Images500/Image_1621966237105457.jpg,100,100
/home/pi/Desktop/TFG/intelligent-driving-system/ia/training_data/Images500/Image_162196623793745.jpg,0,100
/home/pi/Desktop/TFG/intelligent-driving-system/ia/training_data/Images500/Image_1621966238694926.jpg,0,100
/home/pi/Desktop/TFG/intelligent-driving-system/ia/training_data/Images500/Image_1621966239432845.jpg,0,100
/home/pi/Desktop/TFG/intelligent-driving-system/ia/training_data/Images500/Image_1621966240195365.jpg,0,100
/home/pi/Desktop/TFG/intelligent-driving-system/ia/training_data/Images500/Image_1621966240894726.jpg,0,100
/home/pi/Desktop/TFG/intelligent-driving-system/ia/training_data/Images500/Image_1621966241752158.jpg,100,100
/home/pi/Desktop/TFG/intelligent-driving-system/ia/training_data/Images500/Image_1621966242484102.jpg,100,100
/home/pi/Desktop/TFG/intelligent-driving-system/ia/training_data/Images500/Image_1621966243195688.jpg,100,100
/home/pi/Desktop/TFG/intelligent-driving-system/ia/training_data/Images500/Image_1621966243918509.jpg,100,100
/home/pi/Desktop/TFG/intelligent-driving-system/ia/training_data/Images500/Image_1621966244699848.jpg,100,100
/home/pi/Desktop/TFG/intelligent-driving-system/ia/training_data/Images500/Image_1621966245405511.jpg,0,100
/home/pi/Desktop/TFG/intelligent-driving-system/ia/training_data/Images500/Image_1621966246185101.jpg,100,100
/home/pi/Desktop/TFG/intelligent-driving-system/ia/training_data/Images500/Image_1621966247006807.jpg,0,100
/home/pi/Desktop/TFG/intelligent-driving-system/ia/training_data/Images500/Image_1621966247802681.jpg,0,100
/home/pi/Desktop/TFG/intelligent-driving-system/ia/training_data/Images500/Image_1621966248507244.jpg,100,100
/home/pi/Desktop/TFG/intelligent-driving-system/ia/training_data/Images500/Image_1621966249235323.jpg,100,100
/home/pi/Desktop/TFG/intelligent-driving-system/ia/training_data/Images500/Image_1621966249968414.jpg,100,100
/home/pi/Desktop/TFG/intelligent-driving-system/ia/training_data/Images500/Image_1621966250736774.jpg,100,100
/home/pi/Desktop/TFG/intelligent-driving-system/ia/training_data/Images500/Image_1621966251422031.jpg,100,100
/home/pi/Desktop/TFG/intelligent-driving-system/ia/training_data/Images500/Image_1621966252256882.jpg,0,100
/home/pi/Desktop/TFG/intelligent-driving-system/ia/training_data/Images500/Image_1621966253001499.jpg,0,100
/home/pi/Desktop/TFG/intelligent-driving-system/ia/training_data/Images500/Image_1621966253803317.jpg,0,100
/home/pi/Desktop/TFG/intelligent-driving-system/ia/training_data/Images500/Image_1621966254542364.jpg,0,100
/home/pi/Desktop/TFG/intelligent-driving-system/ia/training_data/Images500/Image_1621966255355505.jpg,75,100
/home/pi/Desktop/TFG/intelligent-driving-system/ia/training_data/Images500/Image_1621966256135298.jpg,75,100
/home/pi/Desktop/TFG/intelligent-driving-system/ia/training_data/Images500/Image_1621966256823763.jpg,75,100
/home/pi/Desktop/TFG/intelligent-driving-system/ia/training_data/Images500/Image_1621966257552812.jpg,0,100
/home/pi/Desktop/TFG/intelligent-driving-system/ia/training_data/Images500/Image_1621966258722363.jpg,-75,100
/home/pi/Desktop/TFG/intelligent-driving-system/ia/training_data/Images500/Image_1621966259506533.jpg,0,100
/home/pi/Desktop/TFG/intelligent-driving-system/ia/training_data/Images500/Image_1621966260229226.jpg,0,100
/home/pi/Desktop/TFG/intelligent-driving-system/ia/training_data/Images500/Image_1621966260924035.jpg,0,100
/home/pi/Desktop/TFG/intelligent-driving-system/ia/training_data/Images500/Image_1621966261726001.jpg,75,100
/home/pi/Desktop/TFG/intelligent-driving-system/ia/training_data/Images500/Image_162196626241974.jpg,75,100
/home/pi/Desktop/TFG/intelligent-driving-system/ia/training_data/Images500/Image_1621966263248769.jpg,0,100
/home/pi/Desktop/TFG/intelligent-driving-system/ia/training_data/Images500/Image_1621966263949703.jpg,0,100
/home/pi/Desktop/TFG/intelligent-driving-system/ia/training_data/Images500/Image_162196626470796.jpg,0,100
/home/pi/Desktop/TFG/intelligent-driving-system/ia/training_data/Images500/Image_1621966265414756.jpg,75,100
/home/pi/Desktop/TFG/intelligent-driving-system/ia/training_data/Images500/Image_1621966266137029.jpg,0,100
/home/pi/Desktop/TFG/intelligent-driving-system/ia/training_data/Images500/Image_1621966266930784.jpg,0,100
/home/pi/Desktop/TFG/intelligent-driving-system/ia/training_data/Images500/Image_1621966267631378.jpg,0,100
/home/pi/Desktop/TFG/intelligent-driving-system/ia/training_data/Images500/Image_1621966268532445.jpg,75,100
/home/pi/Desktop/TFG/intelligent-driving-system/ia/training_data/Images500/Image_1621966269670717.jpg,100,100
/home/pi/Desktop/TFG/intelligent-driving-system/ia/training_data/Images500/Image_162196627041512.jpg,100,100
/home/pi/Desktop/TFG/intelligent-driving-system/ia/training_data/Images500/Image_1621966271148707.jpg,100,100
/home/pi/Desktop/TFG/intelligent-driving-system/ia/training_data/Images500/Image_1621966271833738.jpg,100,100
/home/pi/Desktop/TFG/intelligent-driving-system/ia/training_data/Images500/Image_1621966272555879.jpg,100,100
/home/pi/Desktop/TFG/intelligent-driving-system/ia/training_data/Images500/Image_1621966273372652.jpg,100,100
/home/pi/Desktop/TFG/intelligent-driving-system/ia/training_data/Images500/Image_1621966274147885.jpg,100,100
/home/pi/Desktop/TFG/intelligent-driving-system/ia/training_data/Images500/Image_1621966275005642.jpg,0,100
/home/pi/Desktop/TFG/intelligent-driving-system/ia/training_data/Images500/Image_1621966275781538.jpg,0,100
/home/pi/Desktop/TFG/intelligent-driving-system/ia/training_data/Images500/Image_1621966276537086.jpg,0,100
/home/pi/Desktop/TFG/intelligent-driving-system/ia/training_data/Images500/Image_1621966277298669.jpg,100,100
/home/pi/Desktop/TFG/intelligent-driving-system/ia/training_data/Images500/Image_1621966278036887.jpg,100,100
/home/pi/Desktop/TFG/intelligent-driving-system/ia/training_data/Images500/Image_1621966278772476.jpg,100,100
/home/pi/Desktop/TFG/intelligent-driving-system/ia/training_data/Images500/Image_1621966279594978.jpg,0,100
/home/pi/Desktop/TFG/intelligent-driving-system/ia/training_data/Images500/Image_1621966280353517.jpg,0,100
/home/pi/Desktop/TFG/intelligent-driving-system/ia/training_data/Images500/Image_1621966281086203.jpg,0,100
/home/pi/Desktop/TFG/intelligent-driving-system/ia/training_data/Images500/Image_1621966281906237.jpg,0,100
/home/pi/Desktop/TFG/intelligent-driving-system/ia/training_data/Images500/Image_1621966282646147.jpg,100,100
/home/pi/Desktop/TFG/intelligent-driving-system/ia/training_data/Images500/Image_1621966283414398.jpg,100,100
/home/pi/Desktop/TFG/intelligent-driving-system/ia/training_data/Images500/Image_1621966284268159.jpg,0,100
/home/pi/Desktop/TFG/intelligent-driving-system/ia/training_data/Images500/Image_1621966284952779.jpg,100,100
/home/pi/Desktop/TFG/intelligent-driving-system/ia/training_data/Images500/Image_1621966285848406.jpg,100,100
/home/pi/Desktop/TFG/intelligent-driving-system/ia/training_data/Images500/Image_1621966286609835.jpg,100,100
/home/pi/Desktop/TFG/intelligent-driving-system/ia/training_data/Images500/Image_1621966287302505.jpg,100,100
/home/pi/Desktop/TFG/intelligent-driving-system/ia/training_data/Images500/Image_1621966288025565.jpg,100,100
/home/pi/Desktop/TFG/intelligent-driving-system/ia/training_data/Images500/Image_1621966288834366.jpg,0,100
/home/pi/Desktop/TFG/intelligent-driving-system/ia/training_data/Images500/Image_1621966289661883.jpg,0,100
/home/pi/Desktop/TFG/intelligent-driving-system/ia/training_data/Images500/Image_1621966290356279.jpg,100,100
/home/pi/Desktop/TFG/intelligent-driving-system/ia/training_data/Images500/Image_1621966291128451.jpg,100,100
/home/pi/Desktop/TFG/intelligent-driving-system/ia/training_data/Images500/Image_1621966291859981.jpg,100,100
/home/pi/Desktop/TFG/intelligent-driving-system/ia/training_data/Images500/Image_1621966292617681.jpg,100,100
/home/pi/Desktop/TFG/intelligent-driving-system/ia/training_data/Images500/Image_1621966293484398.jpg,0,100
/home/pi/Desktop/TFG/intelligent-driving-system/ia/training_data/Images500/Image_1621966294175314.jpg,100,100
/home/pi/Desktop/TFG/intelligent-driving-system/ia/training_data/Images500/Image_162196629486826.jpg,0,100
/home/pi/Desktop/TFG/intelligent-driving-system/ia/training_data/Images500/Image_1621966295648447.jpg,0,100
/home/pi/Desktop/TFG/intelligent-driving-system/ia/training_data/Images500/Image_1621966296405412.jpg,100,100
/home/pi/Desktop/TFG/intelligent-driving-system/ia/training_data/Images500/Image_1621966297246394.jpg,100,100
/home/pi/Desktop/TFG/intelligent-driving-system/ia/training_data/Images500/Image_1621966298166446.jpg,100,100
/home/pi/Desktop/TFG/intelligent-driving-system/ia/training_data/Images500/Image_1621966298952915.jpg,0,100
/home/pi/Desktop/TFG/intelligent-driving-system/ia/training_data/Images500/Image_1621966299720143.jpg,0,100
/home/pi/Desktop/TFG/intelligent-driving-system/ia/training_data/Images500/Image_1621966300500266.jpg,0,100
/home/pi/Desktop/TFG/intelligent-driving-system/ia/training_data/Images500/Image_1621966301295841.jpg,0,100
/home/pi/Desktop/TFG/intelligent-driving-system/ia/training_data/Images500/Image_1621966302080572.jpg,0,100
/home/pi/Desktop/TFG/intelligent-driving-system/ia/training_data/Images500/Image_1621966302766338.jpg,0,100
/home/pi/Desktop/TFG/intelligent-driving-system/ia/training_data/Images500/Image_1621966303487391.jpg,100,100
/home/pi/Desktop/TFG/intelligent-driving-system/ia/training_data/Images500/Image_1621966304354417.jpg,0,100
/home/pi/Desktop/TFG/intelligent-driving-system/ia/training_data/Images500/Image_1621966305056153.jpg,0,100
/home/pi/Desktop/TFG/intelligent-driving-system/ia/training_data/Images500/Image_162196630590849.jpg,100,100
/home/pi/Desktop/TFG/intelligent-driving-system/ia/training_data/Images500/Image_1621966306644458.jpg,0,100
/home/pi/Desktop/TFG/intelligent-driving-system/ia/training_data/Images500/Image_1621966307399211.jpg,0,100
/home/pi/Desktop/TFG/intelligent-driving-system/ia/training_data/Images500/Image_1621966308086679.jpg,0,100
/home/pi/Desktop/TFG/intelligent-driving-system/ia/training_data/Images500/Image_1621966308808933.jpg,0,100
/home/pi/Desktop/TFG/intelligent-driving-system/ia/training_data/Images500/Image_1621966309514039.jpg,0,100
/home/pi/Desktop/TFG/intelligent-driving-system/ia/training_data/Images500/Image_1621966310411381.jpg,100,100
/home/pi/Desktop/TFG/intelligent-driving-system/ia/training_data/Images500/Image_1621966311173547.jpg,100,100
/home/pi/Desktop/TFG/intelligent-driving-system/ia/training_data/Images500/Image_162196631190076.jpg,0,100
/home/pi/Desktop/TFG/intelligent-driving-system/ia/training_data/Images500/Image_1621966312662979.jpg,100,100
/home/pi/Desktop/TFG/intelligent-driving-system/ia/training_data/Images500/Image_1621966313352057.jpg,100,100
/home/pi/Desktop/TFG/intelligent-driving-system/ia/training_data/Images500/Image_1621966314075516.jpg,100,100
/home/pi/Desktop/TFG/intelligent-driving-system/ia/training_data/Images500/Image_1621966314773205.jpg,0,100
/home/pi/Desktop/TFG/intelligent-driving-system/ia/training_data/Images500/Image_1621966315467048.jpg,0,100
/home/pi/Desktop/TFG/intelligent-driving-system/ia/training_data/Images500/Image_1621966316152523.jpg,75,100
/home/pi/Desktop/TFG/intelligent-driving-system/ia/training_data/Images500/Image_1621966316875044.jpg,75,100
/home/pi/Desktop/TFG/intelligent-driving-system/ia/training_data/Images500/Image_1621966317577596.jpg,100,100
/home/pi/Desktop/TFG/intelligent-driving-system/ia/training_data/Images500/Image_1621966318321301.jpg,100,100
/home/pi/Desktop/TFG/intelligent-driving-system/ia/training_data/Images500/Image_1621966319013324.jpg,100,100
/home/pi/Desktop/TFG/intelligent-driving-system/ia/training_data/Images500/Image_1621966319965485.jpg,0,100
/home/pi/Desktop/TFG/intelligent-driving-system/ia/training_data/Images500/Image_1621966320649576.jpg,100,100
/home/pi/Desktop/TFG/intelligent-driving-system/ia/training_data/Images500/Image_1621966321381948.jpg,100,100
/home/pi/Desktop/TFG/intelligent-driving-system/ia/training_data/Images500/Image_1621966322172312.jpg,0,100
/home/pi/Desktop/TFG/intelligent-driving-system/ia/training_data/Images500/Image_1621966323112176.jpg,0,100
/home/pi/Desktop/TFG/intelligent-driving-system/ia/training_data/Images500/Image_1621966323821749.jpg,0,100
/home/pi/Desktop/TFG/intelligent-driving-system/ia/training_data/Images500/Image_1621966324541424.jpg,0,100
/home/pi/Desktop/TFG/intelligent-driving-system/ia/training_data/Images500/Image_1621966325229359.jpg,75,100
/home/pi/Desktop/TFG/intelligent-driving-system/ia/training_data/Images500/Image_1621966325969512.jpg,75,100
/home/pi/Desktop/TFG/intelligent-driving-system/ia/training_data/Images500/Image_1621966326725903.jpg,75,100
/home/pi/Desktop/TFG/intelligent-driving-system/ia/training_data/Images500/Image_1621966327492711.jpg,75,100
/home/pi/Desktop/TFG/intelligent-driving-system/ia/training_data/Images500/Image_1621966328220831.jpg,75,100
/home/pi/Desktop/TFG/intelligent-driving-system/ia/training_data/Images500/Image_1621966329171418.jpg,0,100
/home/pi/Desktop/TFG/intelligent-driving-system/ia/training_data/Images500/Image_1621966329890611.jpg,75,100
/home/pi/Desktop/TFG/intelligent-driving-system/ia/training_data/Images500/Image_1621966330658494.jpg,75,100
/home/pi/Desktop/TFG/intelligent-driving-system/ia/training_data/Images500/Image_1621966331392075.jpg,100,100
/home/pi/Desktop/TFG/intelligent-driving-system/ia/training_data/Images500/Image_1621966332104977.jpg,100,100
/home/pi/Desktop/TFG/intelligent-driving-system/ia/training_data/Images500/Image_1621966332873916.jpg,75,100
/home/pi/Desktop/TFG/intelligent-driving-system/ia/training_data/Images500/Image_1621966333608691.jpg,100,100
/home/pi/Desktop/TFG/intelligent-driving-system/ia/training_data/Images500/Image_1621966334377732.jpg,0,100
/home/pi/Desktop/TFG/intelligent-driving-system/ia/training_data/Images500/Image_1621966335082186.jpg,0,100
/home/pi/Desktop/TFG/intelligent-driving-system/ia/training_data/Images500/Image_162196633597116.jpg,75,100
/home/pi/Desktop/TFG/intelligent-driving-system/ia/training_data/Images500/Image_1621966336710167.jpg,75,100
/home/pi/Desktop/TFG/intelligent-driving-system/ia/training_data/Images500/Image_1621966337462317.jpg,75,100
/home/pi/Desktop/TFG/intelligent-driving-system/ia/training_data/Images500/Image_1621966338212534.jpg,0,100
/home/pi/Desktop/TFG/intelligent-driving-system/ia/training_data/Images500/Image_1621966338995456.jpg,0,100
/home/pi/Desktop/TFG/intelligent-driving-system/ia/training_data/Images500/Image_1621966339775468.jpg,0,100
/home/pi/Desktop/TFG/intelligent-driving-system/ia/training_data/Images500/Image_1621966340496564.jpg,75,100
/home/pi/Desktop/TFG/intelligent-driving-system/ia/training_data/Images500/Image_1621966341325552.jpg,0,100
/home/pi/Desktop/TFG/intelligent-driving-system/ia/training_data/Images500/Image_1621966342031426.jpg,0,100
/home/pi/Desktop/TFG/intelligent-driving-system/ia/training_data/Images500/Image_1621966342762219.jpg,0,100
/home/pi/Desktop/TFG/intelligent-driving-system/ia/training_data/Images500/Image_1621966343589074.jpg,0,100
/home/pi/Desktop/TFG/intelligent-driving-system/ia/training_data/Images500/Image_1621966344369911.jpg,0,100
/home/pi/Desktop/TFG/intelligent-driving-system/ia/training_data/Images500/Image_162196634532191.jpg,100,100
/home/pi/Desktop/TFG/intelligent-driving-system/ia/training_data/Images500/Image_1621966346060907.jpg,0,100
/home/pi/Desktop/TFG/intelligent-driving-system/ia/training_data/Images500/Image_1621966346804136.jpg,0,100
/home/pi/Desktop/TFG/intelligent-driving-system/ia/training_data/Images500/Image_1621966347638618.jpg,0,100
/home/pi/Desktop/TFG/intelligent-driving-system/ia/training_data/Images500/Image_1621966348440566.jpg,75,100
/home/pi/Desktop/TFG/intelligent-driving-system/ia/training_data/Images500/Image_1621966349150453.jpg,75,100
/home/pi/Desktop/TFG/intelligent-driving-system/ia/training_data/Images500/Image_1621966349841572.jpg,0,100
/home/pi/Desktop/TFG/intelligent-driving-system/ia/training_data/Images500/Image_1621966350596954.jpg,0,100
/home/pi/Desktop/TFG/intelligent-driving-system/ia/training_data/Images500/Image_1621966351313906.jpg,75,100
/home/pi/Desktop/TFG/intelligent-driving-system/ia/training_data/Images500/Image_162196635204133.jpg,75,100
/home/pi/Desktop/TFG/intelligent-driving-system/ia/training_data/Images500/Image_162196635282234.jpg,75,100
/home/pi/Desktop/TFG/intelligent-driving-system/ia/training_data/Images500/Image_1621966353549631.jpg,75,100
/home/pi/Desktop/TFG/intelligent-driving-system/ia/training_data/Images500/Image_1621966354252228.jpg,75,100
/home/pi/Desktop/TFG/intelligent-driving-system/ia/training_data/Images500/Image_1621966355104073.jpg,100,100
/home/pi/Desktop/TFG/intelligent-driving-system/ia/training_data/Images500/Image_162196635614252.jpg,100,100
/home/pi/Desktop/TFG/intelligent-driving-system/ia/training_data/Images500/Image_1621966357016328.jpg,0,100
/home/pi/Desktop/TFG/intelligent-driving-system/ia/training_data/Images500/Image_1621966357714656.jpg,0,100
/home/pi/Desktop/TFG/intelligent-driving-system/ia/training_data/Images500/Image_1621966358505898.jpg,100,100
/home/pi/Desktop/TFG/intelligent-driving-system/ia/training_data/Images500/Image_1621966359219622.jpg,100,100
/home/pi/Desktop/TFG/intelligent-driving-system/ia/training_data/Images500/Image_1621966359941009.jpg,100,100
/home/pi/Desktop/TFG/intelligent-driving-system/ia/training_data/Images500/Image_162196636065089.jpg,100,100
/home/pi/Desktop/TFG/intelligent-driving-system/ia/training_data/Images500/Image_1621966361340501.jpg,100,100
/home/pi/Desktop/TFG/intelligent-driving-system/ia/training_data/Images500/Image_1621966368865527.jpg,100,100
/home/pi/Desktop/TFG/intelligent-driving-system/ia/training_data/Images500/Image_162196636955148.jpg,100,100
/home/pi/Desktop/TFG/intelligent-driving-system/ia/training_data/Images500/Image_16219663704261.jpg,0,100
/home/pi/Desktop/TFG/intelligent-driving-system/ia/training_data/Images500/Image_1621966371150379.jpg,0,100
/home/pi/Desktop/TFG/intelligent-driving-system/ia/training_data/Images500/Image_16219663718595.jpg,0,100
/home/pi/Desktop/TFG/intelligent-driving-system/ia/training_data/Images500/Image_1621966372579462.jpg,100,100
/home/pi/Desktop/TFG/intelligent-driving-system/ia/training_data/Images500/Image_1621966373317913.jpg,100,100
/home/pi/Desktop/TFG/intelligent-driving-system/ia/training_data/Images500/Image_1621966374058441.jpg,0,100
/home/pi/Desktop/TFG/intelligent-driving-system/ia/training_data/Images500/Image_1621966374747155.jpg,0,100
/home/pi/Desktop/TFG/intelligent-driving-system/ia/training_data/Images500/Image_1621966375470479.jpg,0,100
/home/pi/Desktop/TFG/intelligent-driving-system/ia/training_data/Images500/Image_1621966376309422.jpg,100,100
/home/pi/Desktop/TFG/intelligent-driving-system/ia/training_data/Images500/Image_1621966377013098.jpg,100,100
/home/pi/Desktop/TFG/intelligent-driving-system/ia/training_data/Images500/Image_1621966377701266.jpg,100,100
/home/pi/Desktop/TFG/intelligent-driving-system/ia/training_data/Images500/Image_1621966378824894.jpg,100,100
/home/pi/Desktop/TFG/intelligent-driving-system/ia/training_data/Images500/Image_1621966379528043.jpg,0,100
/home/pi/Desktop/TFG/intelligent-driving-system/ia/training_data/Images500/Image_1621966380449961.jpg,100,100
/home/pi/Desktop/TFG/intelligent-driving-system/ia/training_data/Images500/Image_1621966381139351.jpg,100,100
/home/pi/Desktop/TFG/intelligent-driving-system/ia/training_data/Images500/Image_1621966381918669.jpg,0,100
/home/pi/Desktop/TFG/intelligent-driving-system/ia/training_data/Images500/Image_1621966382605454.jpg,0,100
/home/pi/Desktop/TFG/intelligent-driving-system/ia/training_data/Images500/Image_162196638332578.jpg,100,100
/home/pi/Desktop/TFG/intelligent-driving-system/ia/training_data/Images500/Image_162196638417374.jpg,100,100
/home/pi/Desktop/TFG/intelligent-driving-system/ia/training_data/Images500/Image_1621966384883606.jpg,100,100
/home/pi/Desktop/TFG/intelligent-driving-system/ia/training_data/Images500/Image_1621966385605752.jpg,100,100
/home/pi/Desktop/TFG/intelligent-driving-system/ia/training_data/Images500/Image_1621966386327702.jpg,100,100
/home/pi/Desktop/TFG/intelligent-driving-system/ia/training_data/Images500/Image_1621966387165546.jpg,0,100
/home/pi/Desktop/TFG/intelligent-driving-system/ia/training_data/Images500/Image_1621966387909428.jpg,0,100
/home/pi/Desktop/TFG/intelligent-driving-system/ia/training_data/Images500/Image_1621966388691472.jpg,0,100
/home/pi/Desktop/TFG/intelligent-driving-system/ia/training_data/Images500/Image_1621966389660054.jpg,0,100
/home/pi/Desktop/TFG/intelligent-driving-system/ia/training_data/Images500/Image_1621966390368439.jpg,0,100
/home/pi/Desktop/TFG/intelligent-driving-system/ia/training_data/Images500/Image_1621966391089276.jpg,100,100
/home/pi/Desktop/TFG/intelligent-driving-system/ia/training_data/Images500/Image_1621966391862309.jpg,100,100
/home/pi/Desktop/TFG/intelligent-driving-system/ia/training_data/Images500/Image_1621966392593236.jpg,0,100
/home/pi/Desktop/TFG/intelligent-driving-system/ia/training_data/Images500/Image_1621966393327516.jpg,0,100
/home/pi/Desktop/TFG/intelligent-driving-system/ia/training_data/Images500/Image_1621966394059359.jpg,-75,100
/home/pi/Desktop/TFG/intelligent-driving-system/ia/training_data/Images500/Image_1621966394755639.jpg,-75,100
/home/pi/Desktop/TFG/intelligent-driving-system/ia/training_data/Images500/Image_1621966395522176.jpg,0,100
/home/pi/Desktop/TFG/intelligent-driving-system/ia/training_data/Images500/Image_1621966396425272.jpg,75,100
/home/pi/Desktop/TFG/intelligent-driving-system/ia/training_data/Images500/Image_1621966397233715.jpg,0,100
/home/pi/Desktop/TFG/intelligent-driving-system/ia/training_data/Images500/Image_1621966397919088.jpg,0,100
/home/pi/Desktop/TFG/intelligent-driving-system/ia/training_data/Images500/Image_1621966398637108.jpg,0,100
/home/pi/Desktop/TFG/intelligent-driving-system/ia/training_data/Images500/Image_16219663993768.jpg,0,100
/home/pi/Desktop/TFG/intelligent-driving-system/ia/training_data/Images500/Image_1621966400154126.jpg,100,100
/home/pi/Desktop/TFG/intelligent-driving-system/ia/training_data/Images500/Image_1621966400862028.jpg,100,100
/home/pi/Desktop/TFG/intelligent-driving-system/ia/training_data/Images500/Image_1621966401605295.jpg,0,100
/home/pi/Desktop/TFG/intelligent-driving-system/ia/training_data/Images500/Image_1621966402355654.jpg,0,100
/home/pi/Desktop/TFG/intelligent-driving-system/ia/training_data/Images500/Image_162196640305343.jpg,0,100
/home/pi/Desktop/TFG/intelligent-driving-system/ia/training_data/Images500/Image_1621966403832556.jpg,100,100
/home/pi/Desktop/TFG/intelligent-driving-system/ia/training_data/Images500/Image_1621966404581525.jpg,100,100
/home/pi/Desktop/TFG/intelligent-driving-system/ia/training_data/Images500/Image_1621966405266743.jpg,100,100
/home/pi/Desktop/TFG/intelligent-driving-system/ia/training_data/Images500/Image_1621966406001362.jpg,100,100
/home/pi/Desktop/TFG/intelligent-driving-system/ia/training_data/Images500/Image_1621966406696126.jpg,100,100
/home/pi/Desktop/TFG/intelligent-driving-system/ia/training_data/Images500/Image_1621966407441105.jpg,0,100
/home/pi/Desktop/TFG/intelligent-driving-system/ia/training_data/Images500/Image_1621966408128671.jpg,0,100
/home/pi/Desktop/TFG/intelligent-driving-system/ia/training_data/Images500/Image_1621966408877887.jpg,100,100
/home/pi/Desktop/TFG/intelligent-driving-system/ia/training_data/Images500/Image_1621966409583027.jpg,100,100
/home/pi/Desktop/TFG/intelligent-driving-system/ia/training_data/Images500/Image_1621966410282877.jpg,100,100
/home/pi/Desktop/TFG/intelligent-driving-system/ia/training_data/Images500/Image_162196641103475.jpg,100,100
/home/pi/Desktop/TFG/intelligent-driving-system/ia/training_data/Images500/Image_162196641179638.jpg,0,100
/home/pi/Desktop/TFG/intelligent-driving-system/ia/training_data/Images500/Image_1621966412533376.jpg,0,100
/home/pi/Desktop/TFG/intelligent-driving-system/ia/training_data/Images500/Image_1621966413289859.jpg,100,100
/home/pi/Desktop/TFG/intelligent-driving-system/ia/training_data/Images500/Image_1621966414046007.jpg,100,100
/home/pi/Desktop/TFG/intelligent-driving-system/ia/training_data/Images500/Image_1621966414819694.jpg,100,100
/home/pi/Desktop/TFG/intelligent-driving-system/ia/training_data/Images500/Image_162196641556362.jpg,0,100
/home/pi/Desktop/TFG/intelligent-driving-system/ia/training_data/Images500/Image_1621966416261901.jpg,0,100
/home/pi/Desktop/TFG/intelligent-driving-system/ia/training_data/Images500/Image_162196641695683.jpg,0,100
/home/pi/Desktop/TFG/intelligent-driving-system/ia/training_data/Images500/Image_1621966417750641.jpg,0,100
/home/pi/Desktop/TFG/intelligent-driving-system/ia/training_data/Images500/Image_162196641851412.jpg,75,100
/home/pi/Desktop/TFG/intelligent-driving-system/ia/training_data/Images500/Image_1621966419237126.jpg,75,100
/home/pi/Desktop/TFG/intelligent-driving-system/ia/training_data/Images500/Image_162196641999074.jpg,75,100
/home/pi/Desktop/TFG/intelligent-driving-system/ia/training_data/Images500/Image_1621966420693184.jpg,75,100
/home/pi/Desktop/TFG/intelligent-driving-system/ia/training_data/Images500/Image_1621966421385018.jpg,75,100
/home/pi/Desktop/TFG/intelligent-driving-system/ia/training_data/Images500/Image_1621966422120665.jpg,75,100
/home/pi/Desktop/TFG/intelligent-driving-system/ia/training_data/Images500/Image_1621966426654439.jpg,75,100
/home/pi/Desktop/TFG/intelligent-driving-system/ia/training_data/Images500/Image_1621966427440248.jpg,75,100
/home/pi/Desktop/TFG/intelligent-driving-system/ia/training_data/Images500/Image_1621966428197704.jpg,75,100
/home/pi/Desktop/TFG/intelligent-driving-system/ia/training_data/Images500/Image_1621966428937148.jpg,75,100
/home/pi/Desktop/TFG/intelligent-driving-system/ia/training_data/Images500/Image_1621966429672623.jpg,0,100
/home/pi/Desktop/TFG/intelligent-driving-system/ia/training_data/Images500/Image_1621966431724812.jpg,75,100
/home/pi/Desktop/TFG/intelligent-driving-system/ia/training_data/Images500/Image_1621966432485438.jpg,0,100
/home/pi/Desktop/TFG/intelligent-driving-system/ia/training_data/Images500/Image_1621966433211549.jpg,0,100
/home/pi/Desktop/TFG/intelligent-driving-system/ia/training_data/Images500/Image_1621966433926355.jpg,75,100
/home/pi/Desktop/TFG/intelligent-driving-system/ia/training_data/Images500/Image_162196643470772.jpg,75,100
/home/pi/Desktop/TFG/intelligent-driving-system/ia/training_data/Images500/Image_1621966435447356.jpg,0,100
/home/pi/Desktop/TFG/intelligent-driving-system/ia/training_data/Images500/Image_1621966436159421.jpg,0,100
/home/pi/Desktop/TFG/intelligent-driving-system/ia/training_data/Images500/Image_1621966436976359.jpg,75,100
/home/pi/Desktop/TFG/intelligent-driving-system/ia/training_data/Images500/Image_1621966438054306.jpg,0,100
/home/pi/Desktop/TFG/intelligent-driving-system/ia/training_data/Images500/Image_1621966439065425.jpg,75,100
/home/pi/Desktop/TFG/intelligent-driving-system/ia/training_data/Images500/Image_1621966439880018.jpg,0,100
/home/pi/Desktop/TFG/intelligent-driving-system/ia/training_data/Images500/Image_1621966440571618.jpg,0,100
/home/pi/Desktop/TFG/intelligent-driving-system/ia/training_data/Images500/Image_16219664412613.jpg,0,100
/home/pi/Desktop/TFG/intelligent-driving-system/ia/training_data/Images500/Image_1621966442017699.jpg,0,100
/home/pi/Desktop/TFG/intelligent-driving-system/ia/training_data/Images500/Image_1621966442787085.jpg,75,100
/home/pi/Desktop/TFG/intelligent-driving-system/ia/training_data/Images500/Image_1621966443490544.jpg,75,100
/home/pi/Desktop/TFG/intelligent-driving-system/ia/training_data/Images500/Image_1621966444212737.jpg,75,100
/home/pi/Desktop/TFG/intelligent-driving-system/ia/training_data/Images500/Image_1621966445186729.jpg,0,100
/home/pi/Desktop/TFG/intelligent-driving-system/ia/training_data/Images500/Image_1621966445943679.jpg,0,100
/home/pi/Desktop/TFG/intelligent-driving-system/ia/training_data/Images500/Image_1621966472461338.jpg,0,100
/home/pi/Desktop/TFG/intelligent-driving-system/ia/training_data/Images500/Image_1621966473184682.jpg,0,100
/home/pi/Desktop/TFG/intelligent-driving-system/ia/training_data/Images500/Image_1621966474057363.jpg,0,100
/home/pi/Desktop/TFG/intelligent-driving-system/ia/training_data/Images500/Image_1621966474751184.jpg,0,100
/home/pi/Desktop/TFG/intelligent-driving-system/ia/training_data/Images500/Image_1621966475626662.jpg,-75,100
/home/pi/Desktop/TFG/intelligent-driving-system/ia/training_data/Images500/Image_1621966476481797.jpg,0,100
/home/pi/Desktop/TFG/intelligent-driving-system/ia/training_data/Images500/Image_1621966477291117.jpg,0,100
/home/pi/Desktop/TFG/intelligent-driving-system/ia/training_data/Images500/Image_1621966477989421.jpg,0,100
/home/pi/Desktop/TFG/intelligent-driving-system/ia/training_data/Images500/Image_162196647915165.jpg,-75,100
/home/pi/Desktop/TFG/intelligent-driving-system/ia/training_data/Images500/Image_1621966479843282.jpg,75,100
/home/pi/Desktop/TFG/intelligent-driving-system/ia/training_data/Images500/Image_1621966480639353.jpg,75,100
/home/pi/Desktop/TFG/intelligent-driving-system/ia/training_data/Images500/Image_1621966481808793.jpg,75,100
/home/pi/Desktop/TFG/intelligent-driving-system/ia/training_data/Images500/Image_1621966482725607.jpg,0,100
/home/pi/Desktop/TFG/intelligent-driving-system/ia/training_data/Images500/Image_1621966483443421.jpg,0,100
/home/pi/Desktop/TFG/intelligent-driving-system/ia/training_data/Images500/Image_1621966484262933.jpg,0,100
/home/pi/Desktop/TFG/intelligent-driving-system/ia/training_data/Images500/Image_162196648510672.jpg,0,100
/home/pi/Desktop/TFG/intelligent-driving-system/ia/training_data/Images500/Image_1621966486996325.jpg,0,100
/home/pi/Desktop/TFG/intelligent-driving-system/ia/training_data/Images500/Image_1621966487766145.jpg,-100,100
/home/pi/Desktop/TFG/intelligent-driving-system/ia/training_data/Images500/Image_1621966488565435.jpg,-100,100
/home/pi/Desktop/TFG/intelligent-driving-system/ia/training_data/Images500/Image_1621966489268548.jpg,-100,100
/home/pi/Desktop/TFG/intelligent-driving-system/ia/training_data/Images500/Image_1621966490156918.jpg,-100,100
/home/pi/Desktop/TFG/intelligent-driving-system/ia/training_data/Images500/Image_1621966491001965.jpg,-100,100
/home/pi/Desktop/TFG/intelligent-driving-system/ia/training_data/Images500/Image_1621966491879135.jpg,-100,100
/home/pi/Desktop/TFG/intelligent-driving-system/ia/training_data/Images500/Image_1621966492600211.jpg,0,100
/home/pi/Desktop/TFG/intelligent-driving-system/ia/training_data/Images500/Image_1621966493305434.jpg,0,100
/home/pi/Desktop/TFG/intelligent-driving-system/ia/training_data/Images500/Image_1621966494028167.jpg,0,100
/home/pi/Desktop/TFG/intelligent-driving-system/ia/training_data/Images500/Image_1621966494732927.jpg,-100,100
/home/pi/Desktop/TFG/intelligent-driving-system/ia/training_data/Images500/Image_1621966495425915.jpg,-100,100
/home/pi/Desktop/TFG/intelligent-driving-system/ia/training_data/Images500/Image_1621966496149136.jpg,0,100
/home/pi/Desktop/TFG/intelligent-driving-system/ia/training_data/Images500/Image_1621966497876038.jpg,75,100
/home/pi/Desktop/TFG/intelligent-driving-system/ia/training_data/Images500/Image_1621966498605701.jpg,75,100
/home/pi/Desktop/TFG/intelligent-driving-system/ia/training_data/Images500/Image_1621966499389392.jpg,0,100
/home/pi/Desktop/TFG/intelligent-driving-system/ia/training_data/Images500/Image_1621966500147929.jpg,0,100
/home/pi/Desktop/TFG/intelligent-driving-system/ia/training_data/Images500/Image_1621966501404445.jpg,-100,100
/home/pi/Desktop/TFG/intelligent-driving-system/ia/training_data/Images500/Image_1621966502330587.jpg,0,100
/home/pi/Desktop/TFG/intelligent-driving-system/ia/training_data/Images500/Image_1621966503067284.jpg,-100,100
/home/pi/Desktop/TFG/intelligent-driving-system/ia/training_data/Images500/Image_1621966503756189.jpg,-100,100
/home/pi/Desktop/TFG/intelligent-driving-system/ia/training_data/Images500/Image_1621966504494556.jpg,0,100
/home/pi/Desktop/TFG/intelligent-driving-system/ia/training_data/Images500/Image_1621966505191944.jpg,-100,100
/home/pi/Desktop/TFG/intelligent-driving-system/ia/training_data/Images500/Image_1621966505882468.jpg,-100,100
/home/pi/Desktop/TFG/intelligent-driving-system/ia/training_data/Images500/Image_1621966506583008.jpg,-100,100
/home/pi/Desktop/TFG/intelligent-driving-system/ia/training_data/Images500/Image_1621966507306395.jpg,0,100
/home/pi/Desktop/TFG/intelligent-driving-system/ia/training_data/Images500/Image_162196650812539.jpg,0,100
/home/pi/Desktop/TFG/intelligent-driving-system/ia/training_data/Images500/Image_1621966508814264.jpg,-100,100
/home/pi/Desktop/TFG/intelligent-driving-system/ia/training_data/Images500/Image_1621966509635411.jpg,-100,100
/home/pi/Desktop/TFG/intelligent-driving-system/ia/training_data/Images500/Image_1621966510523392.jpg,0,100
/home/pi/Desktop/TFG/intelligent-driving-system/ia/training_data/Images500/Image_1621966511227017.jpg,0,100
/home/pi/Desktop/TFG/intelligent-driving-system/ia/training_data/Images500/Image_1621966512029928.jpg,0,100
/home/pi/Desktop/TFG/intelligent-driving-system/ia/training_data/Images500/Image_1621966512741535.jpg,0,100
/home/pi/Desktop/TFG/intelligent-driving-system/ia/training_data/Images500/Image_1621966513657123.jpg,0,100
/home/pi/Desktop/TFG/intelligent-driving-system/ia/training_data/Images500/Image_1621966514518914.jpg,0,100
/home/pi/Desktop/TFG/intelligent-driving-system/ia/training_data/Images500/Image_1621966515204523.jpg,-100,100
/home/pi/Desktop/TFG/intelligent-driving-system/ia/training_data/Images500/Image_1621966516075112.jpg,0,100
/home/pi/Desktop/TFG/intelligent-driving-system/ia/training_data/Images500/Image_1621966516765066.jpg,0,100
/home/pi/Desktop/TFG/intelligent-driving-system/ia/training_data/Images500/Image_1621966518647488.jpg,75,100
/home/pi/Desktop/TFG/intelligent-driving-system/ia/training_data/Images500/Image_162196651965462.jpg,75,100
/home/pi/Desktop/TFG/intelligent-driving-system/ia/training_data/Images632/Image_1621966522193895.jpg,0,100
/home/pi/Desktop/TFG/intelligent-driving-system/ia/training_data/Images632/Image_162196652322104.jpg,0,100
/home/pi/Desktop/TFG/intelligent-driving-system/ia/training_data/Images632/Image_1621966523961836.jpg,0,100
/home/pi/Desktop/TFG/intelligent-driving-system/ia/training_data/Images632/Image_1621966524739875.jpg,0,100
/home/pi/Desktop/TFG/intelligent-driving-system/ia/training_data/Images632/Image_1621966526008482.jpg,0,100
/home/pi/Desktop/TFG/intelligent-driving-system/ia/training_data/Images632/Image_1621966526765506.jpg,0,100
/home/pi/Desktop/TFG/intelligent-driving-system/ia/training_data/Images651/Image_1621966565805473.jpg,0,100
/home/pi/Desktop/TFG/intelligent-driving-system/ia/training_data/Images651/Image_1621966567960789.jpg,0,100
/home/pi/Desktop/TFG/intelligent-driving-system/ia/training_data/Images651/Image_1621966570334386.jpg,-75,100
/home/pi/Desktop/TFG/intelligent-driving-system/ia/training_data/Images651/Image_1621966571363203.jpg,-75,100
/home/pi/Desktop/TFG/intelligent-driving-system/ia/training_data/Images651/Image_1621966572304122.jpg,-75,100
